,Category,Rand,Cat_2,Feature_Corr
0,C,-0.46564260965900095,3,-2.068467505402674
1,C,0.510649989209717,6,3.242105627526298
2,B,-0.9760274796268189,3,5.2409106669148695
3,C,0.2650923569005266,3,-7.0876229778725275
4,C,0.5661905768016452,6,0.30807176397186353
5,A,-1.636615696359879,3,-1.3469397571704929
6,C,0.31740139890698793,3,-0.7115812503991513
7,A,-1.4359947898142271,3,2.6770915105662505
8,A,0.00414295096122442,6,3.1446090368806363
9,A,-1.9514164195284518,6,-15.891892848548398
10,C,-0.7431243798104805,6,3.5703935327815164
11,B,-1.7932105264773524,3,-1.1605469734056229
12,A,0.22339354054719887,3,3.9087804758671982
13,B,0.686755736070367,6,2.901237580122796
14,B,0.8894790636746337,6,-1.7598906148803537
15,B,-1.4850640225297986,6,-4.189673572150328
16,A,-1.1212494108115494,3,-3.429920785678143
17,C,-2.2927717894907502,6,4.280908843700953
18,A,-0.7515865095545592,6,-2.6667872394837784
19,C,-0.7816377115491993,6,-5.674676712124668
20,C,-0.006221377400386766,6,0.5469434958919217
21,C,-0.4030925634181484,6,2.7407676195825843
22,C,1.1773999602432017,6,0.8527875555212062
23,C,1.6760367344597384,6,2.4338706481526455
24,A,1.8683923670898999,3,3.665422513705101
25,A,-1.1159984899404838,3,3.263649927077549
26,C,-0.8747138713335542,6,7.5276787236807765
27,B,-1.6912538705587057,6,-3.9654175983126567
28,B,0.7420793363908939,6,1.3692716001277512
29,B,-0.61735029289075,6,13.547272818042373
30,C,-0.2421373601909402,6,3.6540513581412197
31,B,-0.0481578518516791,3,0.9310638717978305
32,C,0.6611736522665324,6,2.381187672070433
33,A,0.8221099703087944,3,-5.063670342260515
34,C,-1.5387047920249226,6,-15.323947237428087
35,B,0.41334763676346464,6,-5.426023949354344
36,A,-1.168648101407936,3,-0.6417086030090163
37,B,-1.7807599996084855,6,-5.427513659353718
38,C,0.8316850331327761,3,2.714854887407378
39,A,-0.46771204982604403,6,0.675503947509071
40,A,-0.4909176016117669,3,-2.1081768584769365
41,C,0.6711523269664761,3,0.8565370908347927
42,B,0.45231743696353754,3,-0.7701650788314519
43,B,1.0250733643941745,3,2.3664922595558053
44,A,-0.12559011254538957,6,7.809384988159458
45,B,-0.2551272771561036,3,-5.262385323915486
46,B,-0.6091534491976293,3,1.9687707868215907
47,B,-0.865792492978727,6,-4.258939539832799
48,B,1.131737662428655,6,-5.743425846288709
49,B,-0.6372124817257767,6,20.61864049004019
50,A,2.0135822488681487,6,-4.276073522156922
51,A,-2.6713413159540145,3,-3.0061638606329577
52,A,0.08138660472626895,3,0.23467185162952875
53,C,0.057070356219827624,3,-4.303183007225581
54,C,-1.7369636706117741,6,8.913691046537668
55,A,-1.9165421603413288,3,-1.2219759117589124
56,C,-0.45306104006739983,6,-10.86446045520763
57,A,0.40888681333516785,3,2.4239384605470384
58,C,0.6449380179276676,6,5.4642533013573376
59,B,-0.02236254536621992,6,-0.7436174841990051
60,A,-1.2345085812972203,3,-1.9109805797503392
61,A,1.2562026813235314,3,0.9673435407957951
62,C,0.5470888711133307,6,-2.953208299024876
63,B,0.1907587461267896,6,11.897866257274945
64,B,-1.9748240977845137,6,13.101189057362351
65,C,-0.3989568286794653,6,10.918797024577636
66,A,1.0492749177704201,3,-4.38928278666645
67,B,-1.654645249436023,6,14.314323373371877
68,B,-1.4522482174115874,6,-6.331650554130295
69,C,0.4577312406043867,3,4.754913268466446
70,A,0.7607905027573552,3,1.8149994898615462
71,A,0.7519404979301928,6,-4.549686602945004
72,B,-0.01999477915503431,3,5.153340517295815
73,C,-0.06006364925992034,6,-2.8628849671543697
74,C,0.5740432073924003,6,1.372443992033443
75,B,-2.0096191775587813,6,2.108836523550176
76,B,0.1408691969564472,3,-1.167803740054959
77,A,0.17256967536307372,3,1.8413043644535367
78,B,-2.0011743474422503,3,6.422297615928072
79,A,-1.919174382192161,3,1.4034432883555183
80,B,-0.4511979682441082,6,-6.8670235365254335
81,B,1.4590295188332134,6,0.8842899349544195
82,C,1.2053445174602575,3,1.9709636150498238
83,B,1.1924525033159854,3,5.793248870417631
84,B,-1.6473842196795963,6,-0.46130005892654324
85,B,-0.6877158089535246,3,-4.949351116946495
86,A,-0.5651461400913421,6,0.5627503766231414
87,C,-0.24834160892070548,3,-1.1580446072826578
88,C,-0.6214249160068286,6,2.93027611612243
89,B,0.16496908969417215,3,0.021071643406010827
90,A,-0.08619278630676161,3,2.0186189993725856
91,C,-1.0737190877325977,6,-6.240898464056921
92,B,0.16061656294497362,6,2.597956766308685
93,C,0.7354316689964191,3,1.0323143203300664
94,B,-2.1045229976743536,3,0.480952489398279
95,C,0.8672060158623431,6,-7.3470217611663085
96,B,1.5919235276303703,6,-2.1347017118530056
97,B,-0.12581346842734328,3,-0.3796866165534597
98,B,0.4221980544044659,3,-1.353160190067217
99,B,0.6153109795553084,3,-4.003260064601047
100,C,-0.5962983988407385,6,6.600759077322232
101,A,-1.5341595676171325,6,4.807940541631941
102,A,-0.6096796157239667,3,-2.9714203187553174
103,A,-0.24067768932370726,3,0.09710345648741303
104,A,-0.5770284446244085,3,2.1208459747680224
105,A,0.7587980519137145,3,-0.4762921209607055
106,A,-1.2391338049217842,3,2.1560327120991736
107,B,0.6961391311831114,6,3.2209492086693645
108,B,0.867566749389517,6,-6.156573198502867
109,C,1.6084164978431683,3,0.6767975566559497
110,B,1.0927549700671442,3,3.574495276961848
111,C,-0.5722452107445222,6,5.351261948766738
112,B,-1.4496145344108058,6,-5.740268660584505
113,B,-1.4337678483542813,3,-4.079050598191966
114,A,-0.9002748788738674,3,1.7624691956893392
115,B,1.0744061257582325,3,0.8096513368421077
116,C,0.22618683332699824,6,4.195706682181443
117,A,0.46524325697392127,3,5.136307421816067
118,C,1.7835624727218142,3,-1.9975875484516854
119,A,-1.174958469679232,3,-1.6229739126275375
120,A,-1.012546911206234,3,-1.8998152198303782
121,A,0.4970564953405051,6,2.945105940179965
122,C,0.03800090563767575,6,-2.0019464326675807
123,B,-0.8436494149397339,6,2.881196714645845
124,C,-0.54817309838007,6,-1.1235014202375933
125,C,0.257477894522333,6,-11.12147753760436
126,B,0.8185028697044989,6,-3.918458685457346
127,A,1.8723790284551791,3,-0.39947615920503454
128,B,0.8182017577965666,3,0.9066580583596888
129,C,0.03708129093658429,3,1.5417178234538909
130,A,0.10745513138423535,3,-3.6229797819539478
131,C,1.00092015663317,6,-6.566005707233615
132,C,0.03191314750214862,3,2.760877490211389
133,A,0.2754230688244176,6,-6.771734493657028
134,A,-1.4980279570181916,3,-0.12512502713408533
135,C,1.5944148311151043,6,1.520551109587728
136,C,0.1975519092812208,6,2.004226496761268
137,B,-0.6402222658627507,3,3.618603335535088
138,C,-0.8558603118131312,6,-0.31263339657352784
139,B,-0.4833824370442421,3,2.833843536209558
140,B,-0.5685058127682545,6,8.370340754592736
141,A,-0.1385883899530217,3,-4.9395537622688686
142,C,0.5909582568951985,6,17.590774183347417
143,A,1.5703096743376184,3,-1.9404305599077831
144,C,0.9745593216502332,6,-1.2875473952355836
145,C,-0.3677910883824245,6,7.481208278090257
146,B,-0.49729568735520124,3,2.7637189466983294
147,A,0.9094829223493573,3,-4.622672241079942
148,C,-0.7128216871740374,6,2.728467037974152
149,C,0.17956008301609616,6,-1.86331670175151
150,A,-0.09655147560022251,6,5.4652179979986055
151,C,1.6038686177831596,6,-2.3142167274233136
152,C,1.3111711809500537,6,-5.079670542709936
153,B,0.4498415421411825,3,2.418366944604013
154,A,0.06269607850660167,3,-5.631871524538666
155,C,0.2395105377695897,6,3.533437733853226
156,C,-1.4355651191139265,6,-1.9079960195416148
157,B,-0.3870595977180023,6,1.541073006305996
158,B,-0.18035034795156507,3,2.934879715666578
159,A,-0.25139834794719335,3,0.7439615056870577
160,B,1.1081227414003514,6,8.438410002095528
161,A,-0.3127186781366125,3,-0.8174788340407086
162,B,0.9899449624312298,3,-0.5563495352672506
163,B,-0.6918077279390341,6,-1.4683027484582898
164,B,-0.9676219080647241,3,2.1701044091084207
165,C,0.4974492241298554,6,-5.308007069219159
166,A,-0.4939371144689653,3,-1.3583426535117678
167,B,2.8004118630371773,3,-3.9172724863156794
168,A,0.7978590903128523,3,-2.3782365373367114
169,C,0.35237265718152666,6,7.308327474162899
170,C,-2.135079068198757,3,-1.942468171570669
171,C,1.236326124929381,3,-2.0408677154812183
172,B,-0.1389286494549741,6,-3.56320904508284
173,B,0.5170844108152178,3,-2.554789569895164
174,B,0.00046315986462939406,6,-3.841081398991844
175,B,1.7975163587297334,6,-4.01274915212422
176,B,-1.231468757445908,3,0.5095567879678025
177,C,0.8290636829024124,6,-3.026747692067091
178,A,0.4576696177258223,3,-2.2250903424570683
179,B,0.5098534081813272,3,1.596900919291489
180,A,0.10957417391727257,6,-0.8379232472224101
181,C,1.2796936894123032,6,5.188935477832201
182,B,0.9900259104768768,6,-2.495168372753315
183,C,1.4627456682210371,6,-7.363447209051975
184,A,-1.2383525809361617,3,-2.192766951875882
185,A,0.7387274587875055,3,-5.083177846137156
186,A,-2.8517510893373954,3,-2.0170333135036116
187,C,-1.6327953319150055,3,-3.0884076895242885
188,B,-0.40436330812806515,6,2.348381278092934
189,A,0.7559096522246801,3,1.7722016489904884
190,C,-0.33201403897540904,3,0.7990537543414193
191,A,-0.1820469225480218,3,-0.39522259973770035
192,C,0.6533568155556944,3,-0.45761722043359476
193,C,0.07798293068473718,6,-2.608227538749274
194,C,0.9849450873855731,6,-5.708382673595827
195,A,1.0750785756345356,3,0.1250128824600868
196,B,0.13452864127991054,6,-4.274468222971446
197,C,0.38836570542709153,3,0.03315057805688809
198,A,-0.26947584805740543,6,-2.633155190533347
199,B,-0.3274100638093709,6,7.494851034586786
200,B,0.5279794086847187,6,0.013063118495436146
201,C,0.5021197296232766,6,-4.386455641742705
202,B,-0.49277029745573825,6,-2.477171213841835
203,C,-2.9111129214669473,6,6.492064617808026
204,C,0.6429900665705497,6,4.220399902131065
205,C,-0.059412610959154705,6,-3.556206670115934
206,C,-0.0819309942442305,6,-8.28696004344269
207,A,0.2764534086106339,3,0.11653679177513282
208,A,-0.9711508900186924,3,0.29585276738932426
209,C,1.6307769092247573,6,-3.608228415320006
210,C,0.7839658235531384,3,-3.047116328968179
211,A,0.3206258041913868,3,-3.6075610342762308
212,B,0.35537145207917886,3,1.2966086238538128
213,C,-0.4365217809239,6,8.71522153906207
214,B,-0.03457650448261754,3,-1.8412200695384366
215,A,-0.12274119215147765,3,4.191943268714168
216,B,1.3105329587844943,6,-1.9737474969120914
217,B,-0.4312404876927061,3,0.8999588828308517
218,C,-1.2144630347177567,3,-1.640635561341225
219,A,1.4224023432592106,3,-0.6386495246719135
220,B,0.7537990329192819,3,-3.739301976942812
221,B,-0.7934715712061495,3,-1.787538477568982
222,C,-1.2155252059846362,6,-9.939033344199371
223,B,-0.33989341181988786,6,5.7278298496460405
224,C,0.3834111699342139,3,1.339291775291998
225,A,-0.250381948455666,6,1.6756250312435526
226,A,-0.4600750702861881,3,3.013133192043484
227,B,-1.5550150784601762,6,-9.208926981290706
228,C,-1.2445666967238618,6,7.373515117343598
229,B,0.715293641971278,3,-0.917483976715902
230,B,0.7396482838837458,3,2.9030582683503505
231,C,-1.3357831535888518,3,0.4647231093064251
232,A,-0.026692347112764605,3,2.267619287090329
233,A,0.824316433902109,6,1.996945020340498
234,C,-0.3044144359954349,6,-6.792721976507688
235,C,1.03624139966662,3,1.0690519572288761
236,A,-0.726169430560843,3,-0.6391886715175421
237,A,-1.2933548889496052,3,-4.466493576189023
238,A,1.301129525353837,3,-0.537183408657622
239,A,-0.14046595367346779,6,-10.267629010195442
240,C,-0.39473890339414014,3,1.7082725640620555
241,C,1.622683959645508,6,-1.1233082088437027
242,C,2.056515959616925,3,1.5954519740505868
243,A,0.9542418481675393,6,-2.2960273831184406
244,C,-1.6763408776702984,6,1.6043448959476105
245,C,0.3333703223768534,6,3.81262245189407
246,A,0.4620644023512926,3,-1.3511443789627786
247,A,-1.8255962051477503,3,-2.9440869832964705
248,A,0.3351828018348047,6,13.865794906361213
249,B,-0.5488479836812976,6,9.061402604052093
250,B,-0.06058827141176338,3,3.359461183218932
251,C,1.6050188369921694,6,8.102038572385636
252,A,0.6293996498921538,6,-2.816229346159354
253,C,-0.4438323720019326,6,11.10422806401496
254,B,-0.5496544750389127,3,5.457527719939011
255,C,0.008037412741959852,3,1.1765725219670433
256,A,-0.5527751300547333,3,0.7346850785341694
257,A,0.8710015896138797,3,0.3895343027113769
258,B,-0.7496002919494744,3,-4.616118173485042
259,B,-2.1389447140790026,6,-2.787099441756216
260,A,0.869729724033135,3,4.809950071137333
261,B,1.1305799645532713,6,-1.7749211687176272
262,C,-1.4416645827193433,6,-3.802770954178203
263,A,-0.04230560138498195,3,1.7671805432527805
264,B,-1.5237302781586277,3,0.8589020321914294
265,C,0.1682426386540909,6,0.6929547433630484
266,A,0.6371029600245789,3,-5.442224993884759
267,C,3.3251121274570874,6,-0.9883855601987339
268,B,0.41563978159718984,6,-0.9777603091094158
269,C,-0.3359196622845079,6,-5.8248876216152485
270,B,1.8125169071862168,3,2.4597867036542755
271,C,-1.0735275120367571,3,-1.4375265333376166
272,A,-0.22079860535129134,3,-3.7698107042648212
273,C,0.7909619762398615,3,-0.18629085643596846
274,C,-0.7668549530179319,3,-0.0766255267095676
275,B,0.7003934374207442,6,0.4500649312625196
276,C,2.7525970655760044,3,2.7495773666621828
277,B,-0.21835421914400738,3,7.464369586209939
278,A,0.36635041594693746,3,-2.718555590507572
279,A,0.528294517847861,6,7.059302620908294
280,A,0.42090140712998797,3,2.2455445471250988
281,A,-0.4531788571249496,3,-1.0418829947710564
282,A,0.43674802257302625,3,5.845578817232667
283,B,-1.7787010869871998,6,-7.91802150985034
284,C,0.06564959501753412,3,0.35131331847854425
285,B,2.9350666430078363,3,-0.03322762496379982
286,C,-0.48445205373373895,3,-1.423353389037762
287,C,-1.2694275212958284,3,5.831465257369883
288,C,0.042328985081948246,6,-2.2424888447466143
289,B,-1.559911904997669,6,-1.285457208091645
290,C,0.08535912993457859,6,-1.369016692176601
291,C,0.1855811972386244,3,-1.0922445472262967
292,A,1.063673839020366,3,-0.4843215929433598
293,A,-0.6382534287348278,3,-3.3147587536370215
294,B,-1.002758433317635,3,-1.5439012333003022
295,C,1.3438794392391507,3,-0.1292560563622439
296,A,0.22683988583884832,6,2.4663787547542437
297,C,0.508859479384122,6,-5.002904205386563
298,C,-2.725907387032993,6,0.2762458005529141
299,A,1.0633720273193195,3,0.39984267199002266
300,A,0.27550274967231614,3,-1.7657046906968357
301,B,-0.20560057747498248,3,-1.157505987899662
302,C,0.21496498008432613,6,-6.159639816389168
303,B,-0.9868371332710328,6,1.8902602673730553
304,B,0.836917964161218,6,1.6476569871218119
305,B,0.001664132652569242,3,-4.216334610288672
306,C,-1.2630398154380786,6,-6.798214793639608
307,B,0.9645582529194494,6,-1.7826492951321378
308,A,-0.05332810817562935,3,-0.17045778967911074
309,A,-0.9273225309574973,6,-3.412620136407986
310,B,0.7943791644896508,6,-5.377842828309377
311,A,0.2699634058113146,3,-1.304763903055509
312,C,-1.1704338388893898,6,-0.731579368745303
313,A,0.5255708302143538,3,-5.485886983457185
314,A,-0.8741829865332782,6,-4.19157522745148
315,C,0.6815789448645931,6,3.166137238425543
316,A,-0.2896372936476273,3,-2.614506554025895
317,A,0.8732183071256688,3,2.6241946578135322
318,C,-0.047764476481590955,3,-0.3093292671228363
319,A,1.4132787051338855,3,2.343991262076625
320,B,-0.265531373127779,6,3.7213133144205512
321,B,2.258595947473943,6,-0.3700009174710564
322,C,0.32211862918913065,6,-8.587708832050687
323,B,0.08775282738630816,6,-1.1753206167967902
324,B,1.8124433848363732,3,-0.656573624156065
325,C,-0.40506627539891654,6,0.4039000795618568
326,B,0.22290003750017662,6,-1.1943649693473222
327,A,-0.06463908691809363,6,-7.936033201455667
328,A,-0.5882765118219998,6,4.18056121430455
329,B,0.47113089451636686,3,2.7704685912272224
330,C,0.19323294141498235,6,4.008415009105948
331,C,-0.21098291136336156,3,0.5426344663959805
332,A,-0.2751834990175826,3,0.31773647692365525
333,B,-1.1758393958905988,6,5.737341970930139
334,B,-1.090519843969171,3,4.759419944522005
335,B,-0.24269136386585427,6,-6.394745334794469
336,A,0.6492724569491309,6,-11.06472657849022
337,A,0.17710066259743032,3,0.6248468963928245
338,A,-0.23465297870301272,6,-1.6051038737315146
339,A,-0.5594586264958806,3,-4.575005477251542
340,C,2.061677935800148,6,-4.503342904848356
341,A,-0.8021073830099571,3,2.4652983427755677
342,C,-0.9190835046658385,6,-6.9945206823854615
343,B,1.6657133397629809,6,1.0723159159549072
344,C,0.23510957579957298,6,0.9525753269235547
345,A,-0.9900001600380467,3,3.2552420895964262
346,A,-1.0745401606219378,3,1.3463617628420959
347,A,0.24498561794119295,6,1.2739599433645994
348,B,-0.027983011918888075,3,-1.2923519789942346
349,C,-0.6143896839113983,6,-1.7140394281047728
350,C,0.18342633460860905,3,-4.3068773567636045
351,B,1.5848462437465773,6,4.973629711655171
352,B,1.6862656021114262,6,12.767499156535056
353,A,-0.37437320837478283,3,-0.4201472817090368
354,B,0.9017693573537479,3,-2.4389185780589173
355,A,-0.7974966300296044,3,-1.8845759289153288
356,B,0.28585138155544815,3,-2.178864380061783
357,B,0.06017977088994736,6,3.3950974617260936
358,C,0.04001555422638267,6,-6.745823862490061
359,B,-0.6251444066539433,6,0.9847500542633894
360,C,0.22017615449513997,6,2.301250409405533
361,C,-0.4782058006381516,6,-4.181427484565367
362,C,-0.7290638062499328,6,-3.851487546214382
363,C,1.6014071564307617,6,-1.9029418347906113
364,A,0.7403033982124732,3,-0.28858014543261906
365,C,0.07176093849245803,6,-5.452692741347054
366,C,-0.014810295294202492,6,-0.6936839624079654
367,B,0.9264780232924005,6,-3.506567393713416
368,C,-0.10907171692245887,3,-3.666430827119994
369,B,-1.2987589290214752,6,5.16754309766426
370,B,0.003377995290129742,6,6.8966690033740745
371,B,1.640141267739719,3,-2.505357662741556
372,C,-0.6439960706313067,6,3.7638450533041476
373,A,1.1580552647979874,3,-3.601104457431447
374,B,-1.0997097601540122,3,-0.08617188141896348
375,B,0.4589505210264677,6,4.6384928184859655
376,C,-0.7110836601207225,6,-2.2046824125141535
377,A,0.4267468147349008,3,-6.475315075330451
378,B,0.05350512204878645,3,2.1457197143004785
379,C,0.009487555642365749,6,-3.8973502845809227
380,A,1.522389793990456,3,-0.9362465325972549
381,A,1.4893043705335094,3,-0.7259977675027172
382,C,0.451717766623749,6,2.841496978023129
383,A,-0.5913028316936604,3,3.6924810953460536
384,B,-1.06750052351777,3,-3.4321531672435173
385,C,1.7099015364433536,6,-5.652768364783688
386,B,0.025075404053117683,3,2.70303059636087
387,C,-0.3064525980795901,6,1.889194188929376
388,A,1.3316795767884801,3,5.950619395515157
389,C,0.9481944392171247,6,-5.699426328035894
390,A,2.434120177507971,3,-2.696111875670079
391,C,-0.9248548151056915,6,-6.550713653386959
392,C,0.816874418308143,6,-4.478235105354846
393,C,-0.15292659298909242,6,3.169423603972631
394,B,-2.7825245999142445,6,-7.985194452159467
395,C,-0.9435491297799058,3,-3.5657308420424236
396,C,-0.2879693841094506,6,11.327753257498077
397,C,-0.5955982678688458,6,-1.7356118816394335
398,B,-0.6213549392503086,6,-1.902816227245986
399,B,0.30298741692565206,6,-4.6408663854306145
400,C,1.7071996910778238,3,-0.28275508915203856
401,B,-0.7546854354913828,6,-8.519112773644547
402,B,1.7257431393060052,6,2.3917830522726415
403,B,0.9555212938644014,6,8.772372491167314
404,A,-0.3327388161194056,3,1.3803442678517717
405,C,1.7799423112844335,6,2.3274650770448595
406,C,-0.7296247179546401,3,1.063039134056999
407,C,-1.4229454994667456,3,-3.2008789695810016
408,B,0.1999320787029864,6,6.278556512697746
409,B,-0.5909190635370317,6,-13.907145401296209
410,A,-1.6062664983642174,3,-1.2027737946737256
411,B,1.4160895529922122,6,-1.8463099689715046
412,B,1.194993099162179,3,2.1921367595887564
413,C,1.9053368979497125,3,0.8716834414553007
414,C,-0.04603104574455241,6,-8.008722230489614
415,C,-0.5794521830546595,6,2.9532457709382216
416,C,-0.5821196041637472,3,-1.2007459996494614
417,A,0.6661157934537324,3,-0.4701616992008558
418,A,-2.359997906592392,3,1.6092751783351886
419,C,0.8116718467161176,6,-2.761671305850953
420,C,-1.4980295743810195,6,8.674682231659373
421,A,-0.42065342491413715,6,1.451785365627451
422,C,-0.5731729149139673,6,9.237901224004446
423,A,-1.0149716156006294,3,-5.871862589958951
424,C,-1.8079303075627537,6,8.634378430830246
425,B,-0.5732099072254229,3,0.5711572292703377
426,A,0.09310857953445163,3,1.7098813366661838
427,A,0.12197581121998934,6,-1.8003576464401871
428,C,0.18749087269034662,6,2.960402758329474
429,B,-0.4113171532340234,6,5.519250874767444
430,A,0.29221815957553143,3,-1.0738811391979486
431,A,-0.9327896872849603,3,1.3299354984459981
432,A,0.2579359949985167,3,5.805010641370798
433,B,-0.42295323499961973,6,4.647629552885526
434,B,-1.3109994925238961,3,-3.1435223887596218
435,A,0.09822238145359835,3,-3.549044516078419
436,C,-0.40565783636457486,6,-2.708975901833208
437,C,-0.12221720842750808,6,6.334493978506937
438,B,0.7069335443662753,3,-2.619135469170555
439,B,-1.7116886189932945,6,4.432627427275715
440,B,-0.050237161872532216,3,3.4931498962380187
441,B,-0.3584836833910859,6,1.971761779894977
442,A,-0.5755370888446986,3,-1.5148102268442312
443,A,1.8461753728624783,3,-2.6822106614210464
444,B,0.3910326033940224,3,-0.47690963741118
445,C,-0.3878350464218522,6,1.9404790403249867
446,B,-0.7579434388759806,3,0.35416803269607333
447,B,-1.925040402473551,6,-15.57184784212291
448,C,1.1067164535736562,6,1.10527643469396
449,C,1.0800967729425641,3,0.3186410390936563
450,C,0.21841591852189432,6,-1.9976827957384937
451,A,0.8159549173387073,6,-14.394448245251855
452,C,-0.4452363855508951,3,2.073117952652632
453,B,-0.49455438708405625,3,2.837090364581242
454,A,0.97626171228341,3,-5.919030379654727
455,B,1.249918758271058,6,-3.6456477972292936
456,C,0.17098981241626185,6,11.075963393138696
457,C,-0.14633338753952974,3,1.6225127203829923
458,B,1.0632470885129197,6,2.31960408923454
459,A,0.684751697920241,3,-0.6485465390603572
460,C,2.0944110166321654,3,-1.596949114355492
461,C,-0.03077738720265039,6,5.097791470305641
462,C,-0.2738438619384984,6,2.907671806177594
463,C,1.3920155043571927,6,-1.1892766814714713
464,B,0.19730902025231642,3,-3.958379405048956
465,C,1.0724621553109377,3,0.18253542501129394
466,A,-1.4058288674591553,3,-0.5466967357736916
467,B,0.39930334829691566,3,-2.9888495340715053
468,B,0.6919779678874367,3,-2.1560607445191433
469,A,0.22304589548003154,3,-0.215214170547472
470,C,0.26278773009559664,6,-5.453983669547672
471,B,-0.7228985333392456,6,9.530931981786615
472,C,-1.2055930649382056,6,-7.4165030098506906
473,B,0.6383165659425581,6,-2.027696517048724
474,A,-1.6090616360848058,3,2.3224357884068363
475,C,-0.9188298388878056,6,3.5456691237263724
476,A,-0.564880018361363,3,-2.3178811323953257
477,B,0.06601460390272834,3,-0.7335067122778798
478,B,-0.15762373454018988,6,7.291833015706578
479,B,-0.7927387758393576,3,-3.807861504937402
480,A,-1.1214340137383152,3,-3.2359660484433492
481,B,0.08289910031030943,3,-3.488037439904944
482,C,-1.3241275852832401,6,0.7756278559950888
483,A,-1.0401073435784653,3,-5.059145604803682
484,B,-0.3565669007236447,3,-5.539403018056266
485,B,-0.8066502960876131,3,-0.1616701846400804
486,B,1.976295566850369,6,7.416816404659832
487,B,1.0606948071489062,3,4.4036308003830005
488,A,-0.8964690293032037,6,-6.188429510736331
489,B,-0.7339727752343554,3,-2.3431116081814656
490,C,1.2725899710950832,3,0.44870624736562353
491,B,-0.2341410436816851,6,-7.372057474407703
492,A,-0.22364903919111895,3,0.9709025615552885
493,B,-1.073928774341464,6,-4.080296355588128
494,C,0.14137329502809082,6,-1.7627173690053302
495,A,1.4623010373674898,3,1.5581893550032448
496,C,-1.3073919194460815,6,-1.8882530596068048
497,C,-0.19328586853349788,6,-5.781820560893506
498,C,-0.8965418397663961,6,-0.12917206751071264
499,A,-1.739437255180568,3,-0.12990954505560354
500,B,0.3490834294207428,3,-4.59041377218903
501,C,-1.4918292308194605,3,-1.9983328789667056
502,A,0.6420931248697315,3,1.8207314007127766
503,A,0.4071818501494197,3,4.687600529809568
504,B,1.1214794399659762,3,-0.14322445207263934
505,C,0.1309040531463436,6,2.638964144348954
506,C,-0.29312624631411294,6,1.3447910437506179
507,A,-1.8513383479992223,6,-4.8766811285417475
508,A,0.3662370660968755,3,-0.11056519671284926
509,C,-0.20382108414736072,6,-3.7010969007256596
510,B,-1.4626384613599814,6,-0.4153372267603861
511,C,-1.0029814797600365,6,2.8564111804032617
512,C,0.052384847032223285,6,2.0903360736971344
513,A,0.3545989868227389,3,-3.0270083576838855
514,A,-1.3306179785767154,3,-2.602108628977601
515,C,-0.9519316731090981,6,6.158566491065959
516,C,1.0795413309750923,6,7.825244125269328
517,B,-0.2585487956655602,6,-2.907225550580308
518,A,-3.500873353935145,3,1.3064595533010688
519,A,-0.996936267302807,3,-1.8423419175119236
520,C,-0.29145909425409894,6,-17.102195360978346
521,A,-0.2965282754319438,3,-2.023800418154361
522,C,-0.6098851649159115,6,3.6306105912258
523,B,-0.2825441989704209,6,8.041797030876571
524,A,1.1524180413482008,3,-0.38070957245048476
525,B,2.1445405378511277,3,4.834496082998095
526,C,-0.15215712863483252,6,9.31397701649574
527,A,-0.8505760569696252,3,-0.847300415529136
528,A,0.3652400007866505,3,0.5583352117069782
529,B,-1.455175866209653,3,-1.8569406073886419
530,A,-0.4330722606489362,6,-1.7861287907570642
531,A,-0.7162021375906625,3,-0.007681755820955179
532,B,-0.61583487428226,6,-7.483220017977828
533,C,-0.572557487332611,6,-4.793264975901347
534,B,-0.6463684788245099,6,9.572782630289636
535,C,0.6503151627391781,6,8.763312832020942
536,C,-0.796895279218176,3,0.832453430998306
537,B,-1.8617984350886627,3,4.548899088728237
538,A,0.2881920365226276,3,0.1027584317491024
539,A,2.1775532241253623,6,-2.91881442832791
540,B,0.032276799909235356,3,0.011469070198344221
541,C,1.551270435809018,6,-9.393949665938083
542,A,-0.40401993906439004,3,0.25782721933594294
543,C,-1.0262130463030679,3,-3.000988902169876
544,C,0.7750198225777818,6,4.520656081480761
545,A,-0.3233422860328188,3,1.7935693497485394
546,B,-0.4128852050058914,6,-5.81994466233837
547,C,-0.8005418073319249,6,4.089154109739771
548,C,0.028625125941949037,6,-4.077098296484417
549,A,-0.5581024527001155,3,0.4060288542775272
550,A,-0.09614844932322736,3,4.496595710201971
551,C,-0.19872732777646696,6,-3.6238238764171227
552,A,1.2819709872921452,3,-3.059392639454218
553,B,1.240123022810958,6,-2.5666297276292873
554,A,0.17884341367294943,3,0.6644894530603617
555,A,0.8770055526344372,3,-0.2625497265304843
556,C,0.6787194677372249,6,15.801975680443643
557,B,-1.6668355882679515,3,2.422497377770795
558,B,-0.43176970511173063,6,-9.993542621635402
559,A,0.20695119616109348,3,3.0957220845148283
560,C,1.547385552246561,6,2.2501527996088098
561,B,-0.550703894463241,6,-1.951944358327217
562,B,0.8329517967082939,6,-5.235993136777892
563,C,-1.5738728174311656,6,-0.4086521967300573
564,A,-1.7971029519235229,6,-1.6717900729604604
565,C,-0.8784826339169025,6,-4.198601365720803
566,A,0.07860915155058071,3,0.35116485461611224
567,C,0.10912496239929063,6,-5.803067404754888
568,C,-1.8809170696016064,6,7.832167030307922
569,B,-0.8898597408978791,3,4.265947734500363
570,B,0.5770149686147071,6,6.525366770279351
571,A,-1.140124373897039,3,-3.5076697255507527
572,B,0.08388236324389223,3,3.2594903024128534
573,A,0.6337683520824163,3,-0.4642728530782454
574,B,0.4420004482326128,6,9.644275324541224
575,A,0.600726057934952,3,3.5923995444243237
576,A,1.7326246621119987,3,1.5284371128281276
577,B,-2.0708580455897114,3,-1.8300497223413217
578,A,-0.7118928678027516,3,-6.094851360224084
579,B,1.4497647401777076,3,6.664882051270357
580,B,-0.7668650741439006,3,-1.4524487993321986
581,C,-1.3969484023415366,6,-1.698589659617643
582,B,-0.7622670994273967,3,2.6183339865003896
583,C,-1.7666186578634537,6,-1.4967037283294973
584,C,-0.5241669569776449,3,0.18395238972822922
585,B,2.496488786266436,6,2.0450711093708005
586,C,0.477113847828138,3,0.573533821830499
587,A,0.8674381942971698,3,-1.6876176880446065
588,A,-1.2866019020663588,3,-0.7341183529703613
589,B,0.40920664995526795,6,-1.8402045160068
590,A,0.31103869667401496,3,-1.4483647123578516
591,C,-0.7313087316757187,6,-0.32879742052688926
592,B,1.3227395707022054,3,0.4430240408370353
593,A,-1.2657201347469222,3,-6.905714264665152
594,A,-1.144325716421154,3,-3.067007233552186
595,A,-1.071136050899576,3,3.5242318225316938
596,B,-0.6408942276719031,3,-2.513743359137041
597,C,0.020700322744326084,3,3.5327571726682345
598,C,1.6812322078446262,6,5.361666662655814
599,C,0.004787751277232965,6,-2.528523940330217
600,B,-0.07750501754050684,6,6.232003254847662
601,C,1.1167799423917708,3,0.5825167006595366
602,B,-0.39013409921010495,6,3.13552966383033
603,A,2.4915283093812697,3,-1.5368538271515462
604,B,1.9908210055906166,6,-4.367244946413532
605,C,-0.35560205019005314,6,-6.312127903316541
606,C,0.10401155931522539,6,-3.279959614516991
607,A,-1.0198330098765518,3,9.190137730874026
608,B,-1.09267669377158,6,-0.8580638896323604
609,C,-0.06157868062941248,3,1.005452689888494
610,A,0.15013020780425018,3,-3.1386448108427327
611,A,-1.5364014263795007,6,-0.5571738946028456
612,B,-0.6506726924341032,6,-1.9367190123754177
613,A,1.0910632538134093,6,-3.274827460625155
614,B,1.7704903945638784,6,-1.1775926136360964
615,A,0.06996441201518186,3,3.454289159049088
616,C,0.7720950937310718,3,0.27959628133663356
617,C,0.5431051210538695,6,1.1093171614600494
618,B,0.2824209886574895,3,-1.8469357831930897
619,C,0.4290909399932374,3,-1.5820115873935565
620,B,0.8336697516837477,6,7.096936834733949
621,B,1.9213641445571483,6,8.287451470313666
622,B,-1.5037172369798517,3,2.6154890042907883
623,C,0.649006907984892,6,-2.2549841264095303
624,A,1.6886575171738019,3,-2.8766530834189132
625,C,-0.44133952643044544,6,-2.5311334755969206
626,C,0.6149916252513519,3,-5.830018389321726
627,B,0.5744657164102784,6,-0.1689905060782241
628,A,-0.5161844434669277,3,-1.9872476302093571
629,B,1.2327481493555181,6,-4.4940142376385035
630,A,0.12648296404284712,6,5.947671512775398
631,A,1.4951463142970083,3,-4.675022504346877
632,C,-0.48386628223614525,6,0.45815725768130355
633,B,0.49063176505266515,3,1.5528280174166804
634,B,-2.1168114650075545,3,-1.597766988698853
635,B,0.42944433776445323,6,3.8501608833860246
636,A,-0.7152598219481582,3,0.6073297753830641
637,C,0.6540457768560423,6,-3.794557256907772
638,C,-0.7850685645102891,6,0.8214523686909805
639,A,-0.8119022909755117,3,2.807246492143822
640,C,2.1767544581832623,3,1.4881969219294584
641,B,-0.18308151964657585,6,4.417947497136884
642,C,1.2141804128628855,6,-9.298801667145337
643,B,-0.9729700475138177,3,-6.062011018347795
644,B,0.8692167747226341,3,-1.4505174933797134
645,B,1.5465958326853126,3,4.407173188904921
646,C,1.7289678596918527,6,-5.310207078885258
647,C,-0.7281682651781956,6,9.42877953210366
648,A,0.07624112697352568,3,-3.2387894910690442
649,B,0.5176583351737101,3,1.662519453451806
650,C,1.4274561189026884,3,4.482377444053657
651,C,1.0496141623492319,3,0.5931696946933018
652,B,0.870465022193501,3,1.029105736233428
653,C,1.9135991054914516,6,-2.3246821577804333
654,B,-1.0288584889825658,3,-0.7705137710326821
655,A,0.1744907086432748,3,-0.3132928162170318
656,C,0.5033713733040982,6,11.763826986727445
657,B,-0.19005526554447708,6,4.319118377587129
658,A,0.8004480059608011,3,-8.368407965350741
659,B,-0.17286578355688326,3,3.4929153205789536
660,B,0.3755224235130216,6,8.388550090429138
661,A,1.888495592290019,3,-1.5128202528659942
662,C,0.3011781225730326,3,-3.2393302482630606
663,B,1.745127837141392,3,-1.8470371369989143
664,C,-0.4144453082470575,6,-3.101114779571147
665,C,1.779615723181015,3,1.4365580349406777
666,A,0.16225667842127542,3,5.486511340967716
667,B,0.12191477889464948,3,1.0549059519200448
668,A,-0.10155326610891395,6,-5.57139045642335
669,A,-0.8654672571552758,3,-2.4436018866278966
670,A,-0.7984214170484174,3,-5.789854164554261
671,C,1.6544340318488684,6,8.351508671857015
672,C,1.7334438897306608,3,-4.251656639162188
673,A,-0.3421615774582068,3,0.3992675250110338
674,B,1.8683234219747373,3,-0.5055829703240962
675,C,-0.16347204483726216,6,7.650371288913486
676,B,0.22945300223810913,3,-6.708285221545053
677,C,0.727794231094344,6,-8.494754560249936
678,B,0.32265647856152924,3,1.6182171497405435
679,B,-0.5481216139309901,3,0.6539350617670692
680,C,0.3734944104886926,6,-8.105066155185046
681,C,0.24439571596650914,6,0.26779698660057405
682,C,-1.3107032479826917,6,-2.7694926083661473
683,B,0.29624505871642076,3,-0.8298174961175313
684,A,1.5834818427469897,3,-3.6196349659248472
685,B,-0.015444153123790327,6,-0.2243732403200132
686,C,-0.8521737774407693,3,-5.9574618819528204
687,C,-0.47208149098057367,3,1.355156854607105
688,A,0.1214923369184858,3,4.864301219093704
689,A,0.19335657280158264,3,6.793838444938528
690,C,-0.8394142681183304,6,6.374975480777849
691,B,0.22287797843716986,6,-9.611844608676753
692,A,0.39286733532074497,3,-3.3544921460286172
693,C,-0.0383060644223682,6,0.7611024237585184
694,B,-0.7970478700466219,3,0.6022972935864315
695,C,-0.18198761796407445,6,2.1084311036444987
696,A,1.1514140321889306,3,-6.493054546420035
697,B,-1.0641786041395496,3,-6.873555878205682
698,C,-1.414861221506705,6,0.522724851095117
699,A,0.5125321070367095,3,1.0021210749044906
700,B,-2.011504547269381,3,3.798661057050695
701,B,1.0635680738910407,6,0.4438121799647615
702,C,-0.6003114748143595,6,2.910300094321382
703,B,-1.8888116589622301,3,-3.234970911920265
704,A,0.6526983239027067,3,-1.1410335093096
705,C,-0.0032985566159343172,3,-2.2893540156287076
706,C,0.08942402341980325,3,5.062469738670407
707,A,0.5673769431304589,3,0.5167093328218231
708,A,-1.2716462992576758,3,0.028076040346331543
709,A,0.436083143428085,3,0.6985987463276113
710,A,-0.4946910787382609,3,-2.5819133908300014
711,C,-1.35612276190275,6,-3.05387308389736
712,B,-0.7855059355809585,3,2.9977890379045786
713,A,-0.14245210053327453,6,1.3849335416639872
714,C,0.8470532094413433,6,-2.0264923695818724
715,C,-0.1519734466988164,6,-7.301028705443747
716,B,1.216853096264768,3,3.4116394029949086
717,A,0.898668286494697,3,0.4777929231216044
718,C,-0.8635521279283298,6,11.119690049470876
719,C,-1.74104420843669,6,-3.094937047215471
720,B,1.095729521999789,6,11.98716522582375
721,B,2.0761835470314813,6,-11.578820339055888
722,C,0.44938189928874933,6,-15.535940533809438
723,B,-0.12916776123275295,3,1.5775987802306477
724,A,1.9662633147988149,3,-0.36658079180576963
725,C,0.558344803498784,6,2.28041227046751
726,A,-0.8636660047841727,6,-5.631430640110397
727,C,0.8035607383583742,6,9.106572524443035
728,B,-0.7193530582415388,6,3.7409988112410026
729,B,-1.6977907238743064,6,0.5636753165484795
730,C,0.6320375928313455,6,-14.523114807052238
731,C,0.5136785450847811,6,-7.142025063162449
732,A,0.17005376754407742,3,-0.6156892482211049
733,A,0.7288414663832958,3,-0.9587445367014316
734,A,-0.3277430683613039,3,1.3166825717771915
735,A,-0.2858900701365897,3,-2.5952838450981908
736,A,0.8788147687769517,3,1.2230622879659725
737,A,-0.2918923676264784,6,-0.9126529472740574
738,B,-0.8052047564896649,3,-1.7503237748907519
739,B,0.4590636057577653,3,2.4485185859600045
740,A,0.9040220031979226,3,1.1302506228526847
741,A,-1.307776712268026,3,0.48235203845598734
742,B,0.918933619288669,6,5.00703941515231
743,A,-0.7211127036697458,3,-2.6230616031979572
744,A,2.140868076306001,3,-3.319625252619055
745,B,-0.6466096091511218,3,0.9441822392606936
746,A,-0.6401485309919479,6,-2.084775756301805
747,B,0.4662369395488577,3,2.5035866283245927
748,A,1.0293718436531398,3,3.915688578881957
749,A,-0.7940494545158008,3,-3.473879942252019
750,A,-1.0477093649098992,6,2.765205706330736
751,C,-0.4697264985334358,3,-0.8032695196274585
752,B,-0.11082369165029946,3,1.782659459335326
753,A,0.7419297079100186,3,2.089045776189728
754,C,-0.022922297885569307,3,-2.233377386975417
755,B,-0.5926303905527209,3,-0.16870270701721157
756,B,2.0125714772108965,3,1.9342493891679347
757,A,-0.7469365017378768,3,-1.2186550025928804
758,C,1.1179148439419886,6,6.018574796594517
759,C,-1.2362517554897248,6,13.325052430197793
760,C,-1.6971522418269978,3,2.397241635871568
761,A,1.2750604036036106,3,-1.3958532033046067
762,C,0.9341517075591862,6,2.4185484038659357
763,B,0.2596717243426581,6,6.413363952507709
764,C,-0.8123272086917341,6,-0.5988883209264105
765,A,-0.34500089609519385,3,-4.406886895828411
766,B,-1.6315559676923974,3,-1.6965842075766433
767,C,0.5113763427295845,3,-6.006549106242151
768,C,-0.14169138508710075,6,-5.070859450793547
769,B,1.891001186518777,3,-0.5521015493216157
770,B,0.42986308767275533,6,7.5201118594871375
771,C,1.203382217089944,6,5.35583143498229
772,A,0.23449596194975256,3,4.815110830592978
773,A,-0.03357990684074567,6,5.290840262084689
774,B,-0.5028670185164834,6,-5.067516014349952
775,A,1.211450353891251,3,1.4380682427160225
776,C,-0.18753799874355315,6,-9.632999071021953
777,A,0.37587962862709984,3,-0.6914714105310893
778,C,-0.6900975856189877,3,-0.738941429333266
779,A,0.37392221052486724,6,6.59162586506681
780,C,-0.9709904476446377,6,-0.9570212902279658
781,B,-1.2007207394975974,6,-1.769372919007545
782,C,-0.32245737230276666,6,-5.222172798470908
783,C,-1.3588336578306874,6,-13.91683974785635
784,B,0.8847499276543082,6,-6.518455610389925
785,B,1.8850058373061327,6,-3.4488624184684227
786,A,-0.4517549494945791,3,-0.3647879546306774
787,C,-1.381484547061976,6,-8.924643576245638
788,A,-2.400106004997455,3,2.0534630962151335
789,B,-0.2382274623166439,6,-5.047817565369223
790,B,-2.0514612171324957,3,-6.802846141738456
791,B,-0.9580981029450967,3,0.7343501855730626
792,C,2.2023296198788924,3,-4.4616203954650615
793,C,2.292692792810851,6,8.90930479688148
794,B,-3.0972935459254365,3,2.028677899004351
795,A,-1.5916319598640667,3,2.8934455774965566
796,A,1.263505399073641,6,-6.822273629322406
797,C,-0.6255387673136781,6,-4.793139647434149
798,C,-0.22080136376981666,6,1.5858200936914124
799,B,-2.091730131651572,6,8.883330432977031
800,A,0.30708481832906975,6,4.132190754339828
801,C,-0.9704632681825512,6,3.054122684571687
802,A,-0.05003515583274557,6,-4.471200955741988
803,C,0.2903700121966502,6,13.184621168442732
804,A,-0.15442172239187682,3,-3.8175830154997556
805,C,0.4582369275539573,3,2.4441742899436587
806,A,0.27314291136421204,3,4.156013457077748
807,B,0.9645016740481929,6,3.1809570751544216
808,A,0.9671385082079638,3,3.318908164605972
809,A,1.305104085227412,3,-3.151087239784615
810,A,-0.40290335276886385,3,-1.258638507288194
811,A,0.4439961067507949,6,1.8884871640671248
812,B,-0.5253449266382104,6,10.399665259331044
813,C,1.7466846100704665,6,-8.145191665240146
814,B,-0.03402060001894002,3,2.722141556246632
815,B,0.9871664068737245,6,-0.0889213013310358
816,A,1.217452791387933,3,5.694810460437941
817,A,-0.2509502182858641,6,10.927104864812685
818,B,-0.25993677319461533,3,-3.5650971803959988
819,B,-1.3414019548268266,3,0.601310964814071
820,B,-0.1153603420688707,3,1.6445984637803868
821,B,0.310809011895858,3,2.4156853805902405
822,B,0.6288649829118285,3,5.778788947848875
823,A,-1.2380881225868865,3,0.6271351283036235
824,A,-0.4558229940271391,3,-0.7293515986282854
825,C,1.421105749099976,6,-0.956180452816281
826,C,2.4795375107682687,6,0.20306792905948967
827,C,0.4348219575397329,6,6.21892019075631
828,A,1.0970475631101826,3,-1.449485330091973
829,B,-1.0826202607525905,6,2.0356215007371437
830,C,1.331687379114998,6,-4.494589966491866
831,A,0.24767776176840303,6,-5.887112434554963
832,A,1.1630105069202095,3,-1.9390835057989264
833,A,1.8024393398384069,3,2.467098044203097
834,A,0.48744207569968195,6,5.145667827025342
835,A,-0.6174203174153244,6,-10.822948276180753
836,A,0.4057183593305568,3,3.5515783365080704
837,C,0.19714331499367047,3,5.58224999082242
838,B,0.5485257294047802,6,-1.866206742366558
839,A,-1.1537254181536565,6,7.423404891741146
840,B,0.0083147507865205,6,-7.002797915479933
841,A,-1.0120136096503547,6,3.068658106494392
842,B,-0.7648422039568517,3,-4.958505870573735
843,C,-0.46153052714951526,3,4.491312669252316
844,C,-0.15613852034074024,6,2.405176437264176
845,C,-0.5032587987938034,3,-1.6772408981601665
846,B,-0.9203224110865892,6,11.395416348169741
847,C,-0.4813518618603734,6,1.4801310999362476
848,B,-0.4110272813680916,3,-1.021312135793306
849,A,1.0346697567384826,3,1.7375414294289153
850,B,0.5883906394417426,3,-3.1380872922932657
851,C,1.4407422864328656,6,-6.847477186120723
852,B,-0.36606684694225505,6,-5.635085046562592
853,A,-1.0387002682826894,3,-0.31673515356147336
854,B,-0.762752633794093,6,-0.41010259256090953
855,B,1.5168948596678742,6,-0.655633563233621
856,A,0.17421364114872745,6,2.485890494991586
857,B,-1.6330121214584097,6,-1.1218131334590777
858,B,-0.1424580426834609,6,-0.8375159636070861
859,A,-0.24757543395170947,3,3.3326481238005776
860,B,0.337333654798189,6,-6.932501659250965
861,A,-1.1706323017493403,3,-3.1480594345949244
862,A,0.00035398982463288246,3,-1.3332641371159342
863,B,-0.12109148631045773,6,-5.190223097537991
864,A,1.0845181375849178,6,-1.289371846953793
865,C,-1.1442117503344007,3,-0.8478745338443698
866,A,-0.16791539526168336,3,-1.7995914592730646
867,B,0.5596689132335567,6,1.1673671869309834
868,B,-0.5128051008679262,6,4.504597541282976
869,C,-0.045344538521918006,6,-5.347344508851843
870,C,-0.20593642254848002,6,3.879930010730196
871,C,-0.4619457813975379,6,-1.7829439622476637
872,C,0.6307126524984759,6,9.104546176093285
873,A,-0.6817730256513959,3,-0.8633158963272962
874,A,-0.6011954081385217,3,0.23022598099596597
875,C,-1.5068163878776655,6,-4.244781091239725
876,C,0.5455757220259323,6,4.189694334491785
877,C,0.49021410996931325,3,0.5963828463294765
878,A,0.2370297390082865,3,-6.1216415710868795
879,C,0.006528491574763825,6,-2.002603127784494
880,C,0.7746707557385925,6,-7.467384940995235
881,C,0.0795547944775169,6,-8.004004604726473
882,C,1.2630256822968815,6,-3.1975528842619525
883,A,0.2076086540799978,3,-1.865002097770132
884,B,0.20988235890750434,3,-0.6544684038971453
885,A,0.9595872932020348,3,1.896889825147678
886,A,0.8708190408065141,3,-5.120534240034161
887,C,-0.1306004755485595,3,-4.369019839586559
888,A,-1.234422059448538,6,6.397472877933149
889,C,1.370346478262606,6,1.74736967110673
890,C,-2.1029765973290795,6,8.920750539972392
891,A,-0.2956083013353038,3,-3.7340738375402003
892,C,-1.059213476237297,6,4.660672515058163
893,B,0.012532908741399904,6,-2.0774239479731014
894,A,-0.9077471198620045,6,3.193892396293516
895,C,-0.7837299658255846,6,8.85339153464818
896,B,-1.4816436131119661,3,-0.08784727976366148
897,B,2.1650504821083234,3,-2.632599402550366
898,B,0.7621322740292605,3,-2.4342537775826285
899,A,-0.11273219227717306,3,2.5403123267478347
900,A,-0.24367612041909684,6,0.9802815329414685
901,C,0.5852901525826899,6,-4.133261271488013
902,B,1.461205098252095,6,2.4893900046791595
903,A,0.7267452078610029,3,0.10319864060904871
904,A,-0.13295305044450875,3,-2.1918377594547955
905,C,-0.318053428859842,6,-2.9391740337212484
906,B,0.5132354806128911,3,2.179943813905594
907,B,1.891447201865454,6,3.4856696183810265
908,B,-0.5411878564865098,6,1.5153938144252561
909,A,-1.4547029630796904,3,-2.732148965248798
910,A,-0.9704593042367831,3,-2.130317722620544
911,B,-1.1691099793558482,6,-8.456223827655108
912,C,-0.3534803384535821,6,-0.13065501527789986
913,B,-0.8449565163349164,3,-3.92362419009966
914,C,0.4630432908712823,6,-7.014506627125388
915,C,0.7844339092305738,3,0.602399084571289
916,B,-0.1710768707669565,6,1.6502980882533689
917,C,-0.8191302953234953,3,3.3492825809075257
918,B,0.3028293136582567,6,-2.4033677811880625
919,A,-0.7552597112314241,6,-0.8414671571276326
920,C,-0.6571378452816133,6,-7.319431455671239
921,C,-0.12777189003384118,6,-11.473599920371825
922,B,0.23576223613142816,3,-1.3931275756675623
923,A,-0.05292232537205423,3,-3.4762106207116954
924,C,-0.8144726454219867,6,-2.203363992679168
925,C,0.834798246316522,6,-1.7273774749777921
926,C,0.5117608077339187,6,-9.521157021453572
927,C,-0.8587056030382549,6,-5.604828937201926
928,A,-1.2987457682112857,3,-2.27833918243393
929,C,-0.02515517280612955,6,-4.250271885249356
930,A,2.3288978772336164,6,1.2853598275989304
931,A,0.8990740429108367,3,4.5941081919305
932,B,-0.7019216035176802,6,-0.81230533294868
933,A,0.18733282065250215,3,0.2871688085188596
934,B,0.02051112752522716,6,3.4426178366980595
935,C,0.4343821374005841,6,-0.7046395132851796
936,A,0.08353319807773772,3,1.7273550754925429
937,A,-1.0690184996441943,3,1.4693305025830479
938,C,-0.9081953063444789,6,5.202935036753683
939,C,2.068524254901006,3,2.438257498466982
940,A,-1.377969135846709,6,-2.1415586298011697
941,C,0.49492792064387053,6,-6.6421544445183756
942,B,-0.6703878326370859,3,-3.5155069138844537
943,B,0.13976369709781164,3,-2.00548857013117
944,C,0.5122611373357342,6,-6.100470552271851
945,B,-2.132121818411349,3,5.510018995721117
946,B,0.9662755169196772,6,-6.0629261857449634
947,A,0.010425384504080648,3,-1.7862343570994978
948,C,0.0761348517445415,6,2.1744847548921267
949,C,0.353119799078049,6,-1.0388924454173996
950,C,0.05734097183121649,6,5.9184915565408955
951,B,-1.4777001612135152,3,4.226450713067036
952,A,0.4334128462344172,3,4.102725624920125
953,A,-0.8548334287754912,6,-0.15133848014709828
954,C,-0.6609730441971312,6,3.9206559861723065
955,C,-0.37749336272639133,3,2.4037240368338177
956,A,-0.3339735793962692,3,-1.26002818005018
957,C,-0.6258279266327459,6,-6.766253823798274
958,C,-1.5530890238146218,6,2.7198511274472654
959,B,-1.696018534778513,6,2.160678804074319
960,B,0.21480060956278502,3,0.9565517664680817
961,B,2.39485977150375,6,3.309670061901613
962,B,-0.38529605400670114,6,0.5368417634621327
963,B,2.1227062498134788,6,9.02282022966026
964,B,-0.1515822573877816,3,1.7425733316927792
965,C,0.25923191165278103,3,-2.139653282431451
966,C,-0.29809173867475425,6,2.248185556544798
967,A,0.35373331680752346,6,0.03855653076480929
968,C,-1.0223786066456906,3,-1.692244454551282
969,B,1.4625678893159497,6,6.830708254098734
970,B,-0.563623904845732,3,4.394101574877054
971,C,0.4668606252149007,3,-0.6413537889373525
972,C,0.513616479527672,6,-1.7806356701943173
973,B,-1.861754227236485,3,0.5701448927052803
974,A,-1.028196586170625,3,1.6211401948697373
975,B,-1.4074147561185704,3,-2.8921565220618444
976,C,-0.9576824817746766,6,2.4893394280417427
977,A,0.1860473208261738,3,-2.4584506719314905
978,C,1.4422782444281337,6,5.116274603563574
979,C,1.8422020968119643,6,10.83251554696455
980,B,-2.890814768025209,3,-1.891398537880577
981,A,0.7584627633192684,3,3.6470501934267174
982,B,-0.6261137674175354,6,5.3672915518823645
983,C,0.18915764575227,3,-3.322342809560194
984,C,-0.2671055034720766,6,-11.906592528046104
985,B,-0.04045245478805083,3,0.2762122448978684
986,C,2.0591272847592443,6,5.517900211355479
987,B,0.9029157481473095,6,-5.482141440683522
988,B,-0.9484598452178642,6,2.8111672161339825
989,C,0.3594955655892675,6,-7.788328101999434
990,B,-0.6245371194528557,3,1.2590490895788637
991,C,-0.6798702965668321,3,4.116100663848469
992,A,-0.6760181054758112,6,1.5415542284636299
993,A,0.15752780618758494,3,0.29934906631830765
994,A,0.2702041173976572,3,-1.8324813408138958
995,C,0.3437833896711557,6,-4.031690927157971
996,C,-1.0663864172793434,6,-1.4755808123343563
997,B,0.5277512142534728,6,5.971821265944907
998,B,0.7349598082814243,6,0.8756925161863723
999,B,0.21757568915012726,3,-0.894623384842909
